worm_id,Distance (pixels),Velocity (pixels/s),Area (pixels)
1,39.022358,1.3007452646891275,35.53820804404262
2,29.184908,0.9728302637736003,26.990677747515345
